Redirect from,Redirect to
/fr/shop,/fr/collections
/de/shop,/de/collections
/es/shop,/es/collections
/shop,/collections
/fr/contact,/fr/pages/contact
/de/contact,/de/pages/contact
/es/contact,/es/pages/contact
/contact,/pages/contact
/fr/our-story,/fr/pages/about
/de/our-story,/de/pages/about
/es/our-story,/es/pages/about
/our-story,/pages/about
/de/product/doppel-rack-skateboard,/de/products/double-boardsport-rack
/product/double-boardsport-rack,/products/double-boardsport-rack
/es/product/rack-doble-skateboard,/es/products/double-boardsport-rack
/fr/product/rack-double-skateboard,/fr/products/double-boardsport-rack
/de/product/doppel-schwebendes-regal-pflanze,/de/products/double-floating-flowerpots-shelf
/product/double-floating-flowerpots-shelf,/products/double-floating-flowerpots-shelf
/es/product/estante-flotante-planta-doble,/es/products/double-floating-flowerpots-shelf
/fr/product/etagere-flotante-plante-double,/fr/products/double-floating-flowerpots-shelf
/de/product/doppelte-vertikale-wandhalterung-skate,/de/products/double-vertical-skateboard-wall-mount
/product/double-vertical-skateboard-wall-mount,/products/double-vertical-skateboard-wall-mount
/es/product/soporte-pared-vertical-doble-skate,/es/products/double-vertical-skateboard-wall-mount
/fr/product/support-mural-vertical-double-skate,/fr/products/double-vertical-skateboard-wall-mount
/es/product/estante-flotante-planta,/es/products/floating-flower-pot-shelf
/fr/product/etagere-flotante-plante,/fr/products/floating-flower-pot-shelf
/product/floating-flower-pot-shelf,/products/floating-flower-pot-shelf
/de/product/schwebendes-regal-pflanze,/de/products/floating-flower-pot-shelf
/es/product/estante-flotante-planta-triple,/es/products/triple-floating-flowerpots-shelf
/fr/product/etagere-flotante-plante-triple,/fr/products/triple-floating-flowerpots-shelf
/product/triple-floating-flowerpots-shelf,/products/triple-floating-flowerpots-shelf
/de/product/triples-schwebendes-regal-pflanze,/de/products/triple-floating-flowerpots-shelf
/de/product/garderobenhaken,/de/products/patere
/product/patere,/products/patere
/fr/product/patere,/fr/products/patere
/es/product/perchero,/es/products/patere
/de/product/horizontale-wandhalterung-skateboard,/de/products/simple-boardsport-rack
/product/simple-boardsport-rack,/products/simple-boardsport-rack
/es/product/soporte-pared-skateboard-horizontal,/es/products/simple-boardsport-rack
/fr/product/support-mural-skateboard-horizontal,/fr/products/simple-boardsport-rack
/fr/product/rack-triple-skateboard,/fr/products/triple-boardsport-rack
/product/triple-boardsport-rack,/products/triple-boardsport-rack
/de/product/triple-rack-skateboard,/de/products/triple-boardsport-rack
/es/product/rack-triple-skateboard-1,/es/products/triple-boardsport-rack
/product/road-bike-wall-mount,/products/road-bike-wall-mount
/es/product/soporte-pared-bicicleta,/es/products/road-bike-wall-mount
/fr/product/support-mural-velo,/fr/products/road-bike-wall-mount
/de/product/wandhalterung-fahrrad,/de/products/road-bike-wall-mount
/product/skateboard-rack,/products/skateboard-rack
/es/product/soporte-pared-skateboard-45,/es/products/skateboard-rack
/fr/product/support-mural-skateboard-45,/fr/products/skateboard-rack
/de/product/wandhalterung-skateboard-45,/de/products/skateboard-rack
/es/product/soporte-pared-esquies,/es/products/vertical-ski-wall-mount
/fr/product/support-mural-skis,/fr/products/vertical-ski-wall-mount
/product/vertical-ski-wall-mount,/products/vertical-ski-wall-mount
/de/product/wandhalterung-ski,/de/products/vertical-ski-wall-mount
/es/product/soporte-pared-surf,/es/products/surfboard-wall-mount
/fr/product/support-mural-surf,/fr/products/surfboard-wall-mount
/product/surfboard-wall-mount,/products/surfboard-wall-mount
/de/product/wandhalterung-surfbrett,/de/products/surfboard-wall-mount
/es/product/soporte-pared-surf-negro,/es/products/surfboard-wall-mount-black-tinted
/es/product/soporte-pared-vertical-skate,/es/products/vertical-skateboard-wall-mount
/fr/product/support-mural-vertical-skate,/fr/products/vertical-skateboard-wall-mount
/product/vertical-skateboard-wall-mount,/products/vertical-skateboard-wall-mount
/de/product/vertikale-wandhalterung-skate,/de/products/vertical-skateboard-wall-mount
/es/product/soporte-pared-vertical-skate-negro,/es/products/vertical-skateboard-wall-mount-black-tinted
/es/product/soporte-pared-vertical-snowboard,/es/products/vertical-snowboard-wall-mount
/fr/product/support-mural-snowboard,/fr/products/vertical-snowboard-wall-mount
/product/vertical-snowboard-wall-mount,/products/vertical-snowboard-wall-mount
/de/product/vertikale-wandhalterung-snowboard,/de/products/vertical-snowboard-wall-mount
/es/product/soporte-pared-vertical-surf,/es/products/vertical-surfboard-rack
/fr/product/support-mural-surf-noir,/fr/products/surfboard-wall-mount-black-tinted
/fr/product/support-mural-vertical-skate-noir,/fr/products/vertical-skateboard-wall-mount-black-tinted
/fr/product/support-mural-vertical-surf,/fr/products/vertical-surfboard-rack
/product/surfboard-wall-mount-black-tinted,/products/surfboard-wall-mount-black-tinted
/product/vertical-skateboard-wall-mount-black-tinted,/products/vertical-skateboard-wall-mount-black-tinted
/product/vertical-surfboard-rack,/products/vertical-surfboard-rack
/de/product/vertikale-wandhalterung-skate-schwarz,/de/products/vertical-skateboard-wall-mount-black-tinted
/de/product/vertikale-wandhalterung-surfbrett,/de/products/vertical-surfboard-rack
/de/product/wandhalterung-surfbrett-schwarz,/de/products/surfboard-wall-mount-black-tinted
/category/bike-racks,/collections/bike-racks
/category/deco,/collections/deco
/es/category/decoracion,/es/collections/deco
/de/category/dekoration,/de/collections/deco
/fr/category/etagere-et-deco,/fr/collections/deco
/category/kitesurf-racks,/collections/kitesurf-racks
/de/category/rennrad-wandhalterungen,/de/collections/bike-racks
/category/skateboard-wall-mounts,/collections/skateboard-wall-mounts
/de/category/skateboard-wandhalterungen,/de/collections/skateboard-wall-mounts
/category/skis-wall-mounts,/collections/skis-wall-mounts
/de/category/skis-wandhalterungen,/de/collections/skis-wall-mounts
/category/snowboard-wall-mounts,/collections/snowboard-wall-mounts
/de/category/snowboard-wandhalterungen,/de/collections/snowboard-wall-mounts
/es/category/soportes-pared-bicicleta,/es/collections/bike-racks
/es/category/soportes-pared-esquies,/es/collections/skis-wall-mounts
/es/category/soportes-pared-skateboard,/es/collections/skateboard-wall-mounts
/es/category/soportes-pared-snowboard,/es/collections/snowboard-wall-mounts
/es/category/soportes-pared-wake-kite,/es/collections/kitesurf-racks
/es/category/soportes-tablas-surf,/es/collections/surfboard-wall-mount
/fr/category/supports-muraux-skateboard,/fr/collections/skateboard-wall-mounts
/fr/category/supports-muraux-skis,/fr/collections/skis-wall-mounts
/fr/category/supports-muraux-snowboard,/fr/collections/snowboard-wall-mounts
/fr/category/supports-muraux-velo,/fr/collections/bike-racks
/fr/category/supports-muraux-wake-kite,/fr/collections/kitesurf-racks
/fr/category/supports-planche-de-surf,/fr/collections/surfboard-wall-mount
/category/surfboard-wall-mount,/collections/surfboard-wall-mount
/de/category/surfbrett-wandhalterungen,/de/collections/surfboard-wall-mount
/de/category/wake-kite-wandhalterungen,/de/collections/kitesurf-racks
